{
    "type": "minecraft:crafting_shapeless",
    "ingredients": [
        {
            "tag": "vegan_craft:oil"
        },
        {
            "tag": "vegan_craft:oil"
        },
        {
            "tag": "vegan_craft:oil"
        },
        {
            "tag": "vegan_craft:oil"
        },
        {
            "tag": "vegan_craft:oil"
        },
        {
            "tag": "vegan_craft:oil"
        },
        {
            "tag": "vegan_craft:oil"
        },
        {
            "tag": "vegan_craft:oil"
        },
        {
            "tag": "vegan_craft:oil"
        }
    ],
    "result": {
        "item": "minecraft:egg",
        "count": 3
    }
}